issueArea,issue_area_name,cases,five_to_four_cases,five_to_four_rate
1.0,Criminal Procedure,2103,427,0.20304327151688065
8.0,Economic Activity,1836,220,0.11982570806100218
2.0,Civil Rights,1516,232,0.15303430079155672
9.0,Judicial Power,1274,132,0.10361067503924647
3.0,First Amendment,707,165,0.2333804809052334
10.0,Federal Taxation,417,48,0.11510791366906475
7.0,Unions,373,56,0.15013404825737264
4.0,Due Process,362,63,0.17403314917127072
12.0,Private Action,320,22,0.06875
5.0,Privacy,122,20,0.16393442622950818
11.0,Miscellaneous,105,6,0.05714285714285714
6.0,Attorneys,104,16,0.15384615384615385
,,65,0,0.0
13.0,Federalism,30,3,0.1
14.0,Interstate Relations,7,1,0.14285714285714285
