justice_a,justice_b,cases_compared,aligned_cases,alignment_rate
BMKavanaugh,JGRoberts,433,410,0.9468822170900693
EWarren,TMarshall,242,225,0.9297520661157025
KBJackson,SSotomayor,178,165,0.9269662921348315
TMarshall,WJBrennan,3482,3218,0.9241815048822516
EWarren,WJBrennan,1832,1690,0.9224890829694323
JGRoberts,SDOConnor,24,22,0.9166666666666666
FMVinson,TCClark,344,315,0.9156976744186046
AScalia,CThomas,2090,1907,0.9124401913875598
AFortas,TMarshall,190,173,0.9105263157894737
AJGoldberg,WJBrennan,446,405,0.9080717488789237
ACBarrett,BMKavanaugh,295,267,0.9050847457627119
EKagan,RBGinsburg,699,632,0.9041487839771102
EKagan,SSotomayor,1000,902,0.902
EKagan,SGBreyer,824,742,0.9004854368932039
RBGinsburg,SSotomayor,819,736,0.8986568986568987
DHSouter,RBGinsburg,1375,1223,0.8894545454545455
AFortas,WJBrennan,529,470,0.888468809073724
EKagan,KBJackson,178,158,0.8876404494382022
AJGoldberg,EWarren,442,392,0.8868778280542986
AScalia,JGRoberts,803,711,0.8854296388542964
SDOConnor,WEBurger,819,723,0.8827838827838828
ACBarrett,JGRoberts,295,259,0.8779661016949153
AFortas,EWarren,524,460,0.8778625954198473
WEBurger,WHRehnquist,2375,2080,0.8757894736842106
AMKennedy,WHRehnquist,1768,1546,0.8744343891402715
FMurphy,WBRutledge,366,320,0.8743169398907104
CThomas,SAAlito,1404,1225,0.8725071225071225
SGBreyer,SSotomayor,943,821,0.870625662778367
FMVinson,SMinton,374,325,0.8689839572192514
AScalia,WHRehnquist,2001,1738,0.8685657171414293
RBGinsburg,SGBreyer,2097,1820,0.8679065331425846
LFPowell,WEBurger,2263,1964,0.8678745028722934
FMurphy,HLBlack,365,316,0.8657534246575342
CThomas,WHRehnquist,1269,1097,0.8644602048857368
JGRoberts,SAAlito,1397,1207,0.8639942734430923
AMKennedy,JGRoberts,1004,865,0.8615537848605578
FFrankfurter,JHarlan2,820,706,0.8609756097560975
SDOConnor,WHRehnquist,2808,2417,0.8607549857549858
DHSouter,SGBreyer,1265,1086,0.8584980237154151
HLBlack,WBRutledge,372,318,0.8548387096774194
AMKennedy,NMGorsuch,89,76,0.8539325842696629
AMKennedy,SDOConnor,1786,1522,0.8521836506159015
LFPowell,SDOConnor,920,781,0.8489130434782609
BMKavanaugh,SAAlito,430,365,0.8488372093023255
AScalia,SAAlito,764,648,0.8481675392670157
SMinton,TCClark,605,511,0.8446280991735537
FMVinson,SFReed,764,643,0.8416230366492147
SFReed,SMinton,659,552,0.8376327769347496
FMVinson,HHBurton,769,643,0.8361508452535761
ACBarrett,SAAlito,292,244,0.8356164383561644
JPStevens,SSotomayor,85,71,0.8352941176470589
ACBarrett,CThomas,295,246,0.8338983050847457
AMKennedy,SAAlito,965,804,0.8331606217616581
JPStevens,RBGinsburg,1466,1220,0.8321964529331515
AMKennedy,AScalia,2588,2151,0.8311437403400309
AMKennedy,BRWhite,713,592,0.8302945301542777
CEWhittaker,HHBurton,194,161,0.8298969072164949
EWarren,HLBlack,2095,1733,0.8272076372315036
JHarlan2,WEBurger,270,223,0.825925925925926
SFReed,TCClark,662,545,0.823262839879154
LFPowell,PStewart,1481,1218,0.8224172856178258
BRWhite,TCClark,742,610,0.8221024258760108
HHBurton,SMinton,662,544,0.8217522658610272
AFortas,WODouglas,527,433,0.8216318785578748
CEWhittaker,PStewart,426,350,0.8215962441314554
EWarren,WODouglas,2102,1726,0.8211227402473834
HHBurton,SFReed,1095,899,0.8210045662100457
HHBurton,TCClark,893,733,0.8208286674132139
LFPowell,WHRehnquist,2397,1962,0.818523153942428
CThomas,NMGorsuch,528,432,0.8181818181818182
BRWhite,WEBurger,2743,2242,0.8173532628508932
AJGoldberg,WODouglas,443,362,0.8171557562076749
BRWhite,DHSouter,350,286,0.8171428571428572
AScalia,SDOConnor,2019,1648,0.816245666171372
NMGorsuch,SAAlito,526,429,0.8155893536121673
HABlackmun,WEBurger,2591,2112,0.8151292937089927
CThomas,JGRoberts,1445,1177,0.8145328719723184
JPStevens,SGBreyer,1355,1100,0.8118081180811808
CEWhittaker,JHarlan2,636,516,0.8113207547169812
AMKennedy,EKagan,566,457,0.8074204946996466
WJBrennan,WODouglas,2768,2234,0.8070809248554913
BRWhite,LFPowell,2414,1946,0.8061309030654515
AScalia,BRWhite,949,764,0.8050579557428873
AJGoldberg,HLBlack,447,359,0.8031319910514542
CThomas,SDOConnor,1293,1038,0.802784222737819
BRWhite,SDOConnor,1763,1414,0.8020419739081112
FFrankfurter,RHJackson,810,649,0.8012345679012346
AMKennedy,CThomas,2294,1833,0.7990409764603313
HABlackmun,JHarlan2,144,115,0.7986111111111112
BRWhite,EWarren,1057,844,0.7984862819299905
TMarshall,WODouglas,1133,904,0.7978817299205648
CEWhittaker,FFrankfurter,627,500,0.7974481658692185
FMurphy,WODouglas,359,286,0.7966573816155988
ACBarrett,NMGorsuch,293,233,0.7952218430034129
DHSouter,JPStevens,1723,1370,0.7951247823563552
FFrankfurter,PStewart,426,338,0.7934272300469484
BRWhite,WHRehnquist,3322,2632,0.7922937989163155
SDOConnor,SGBreyer,972,770,0.7921810699588477
RHJackson,TCClark,408,322,0.7892156862745098
AJGoldberg,BRWhite,434,342,0.7880184331797235
HLBlack,WODouglas,3079,2426,0.7879181552452095
DHSouter,SDOConnor,1425,1121,0.7866666666666666
PStewart,WEBurger,1897,1490,0.7854507116499736
HABlackmun,LFPowell,2391,1877,0.7850271852781263
WBRutledge,WODouglas,366,287,0.7841530054644809
AJGoldberg,PStewart,445,348,0.7820224719101123
AScalia,LFPowell,155,121,0.7806451612903226
BMKavanaugh,CThomas,433,338,0.7806004618937644
HLBlack,WJBrennan,2118,1651,0.779508970727101
JHarlan2,PStewart,1833,1428,0.779050736497545
HHBurton,JHarlan2,379,295,0.7783641160949868
EWarren,TCClark,1771,1378,0.7780914737436476
JGRoberts,NMGorsuch,529,410,0.775047258979206
BRWhite,HABlackmun,3539,2736,0.7730997456908731
BMKavanaugh,NMGorsuch,431,333,0.7726218097447796
TCClark,WJBrennan,1514,1169,0.7721268163804491
BRWhite,CThomas,217,167,0.7695852534562212
BRWhite,PStewart,2965,2281,0.7693086003372681
AMKennedy,DHSouter,1724,1325,0.7685614849187935
PStewart,TCClark,1230,945,0.7682926829268293
CEWhittaker,TCClark,630,484,0.7682539682539683
AMKennedy,SSotomayor,686,526,0.7667638483965015
AMKennedy,SGBreyer,1963,1497,0.7626082526744778
HABlackmun,PStewart,1742,1322,0.7588978185993112
EWarren,RHJackson,70,53,0.7571428571428571
EWarren,SMinton,274,207,0.7554744525547445
PStewart,WHRehnquist,1525,1150,0.7540983606557377
AFortas,BRWhite,523,393,0.751434034416826
FMVinson,RHJackson,732,550,0.7513661202185792
EKagan,JGRoberts,1005,751,0.7472636815920398
JPStevens,WJBrennan,2252,1682,0.7468916518650088
RBGinsburg,SDOConnor,1076,802,0.7453531598513011
AMKennedy,RBGinsburg,2079,1546,0.7436267436267436
BRWhite,HLBlack,1344,998,0.7425595238095238
HHBurton,RHJackson,817,606,0.7417380660954712
JHarlan2,TCClark,1624,1201,0.7395320197044335
HABlackmun,JPStevens,2712,2005,0.7393067846607669
RHJackson,SFReed,813,601,0.7392373923739237
JGRoberts,KBJackson,178,131,0.7359550561797753
JPStevens,PStewart,858,631,0.7354312354312355
RHJackson,SMinton,437,321,0.7345537757437071
JPStevens,TMarshall,2365,1729,0.7310782241014799
DHSouter,HABlackmun,445,325,0.7303370786516854
BMKavanaugh,KBJackson,178,130,0.7303370786516854
DHSouter,WHRehnquist,1400,1021,0.7292857142857143
JGRoberts,SGBreyer,1259,918,0.7291501191421763
AFortas,TCClark,254,185,0.7283464566929134
AFortas,PStewart,530,386,0.7283018867924528
FFrankfurter,HHBurton,1330,968,0.7278195488721805
HABlackmun,WJBrennan,3148,2289,0.72712833545108
JHarlan2,SMinton,106,77,0.7264150943396226
HABlackmun,TMarshall,3253,2362,0.7260989855517983
BRWhite,JHarlan2,1342,973,0.7250372578241431
BMKavanaugh,EKagan,432,313,0.7245370370370371
PStewart,WJBrennan,3444,2495,0.7244483159117305
HABlackmun,HLBlack,145,105,0.7241379310344828
FFrankfurter,TCClark,1325,959,0.7237735849056603
AJGoldberg,TCClark,445,322,0.7235955056179775
HABlackmun,RBGinsburg,93,67,0.7204301075268817
BRWhite,WJBrennan,4375,3149,0.7197714285714286
EWarren,PStewart,1548,1113,0.7189922480620154
ACBarrett,EKagan,295,211,0.7152542372881356
PStewart,TMarshall,2086,1491,0.714765100671141
EWarren,SFReed,313,223,0.7124600638977636
JGRoberts,SSotomayor,1125,800,0.7111111111111111
AFortas,HLBlack,527,374,0.7096774193548387
AScalia,EKagan,370,262,0.7081081081081081
ACBarrett,KBJackson,178,126,0.7078651685393258
SGBreyer,WHRehnquist,946,669,0.7071881606765328
HLBlack,WEBurger,270,189,0.7
BMKavanaugh,SGBreyer,253,177,0.6996047430830039
HABlackmun,WHRehnquist,3390,2371,0.699410029498525
RBGinsburg,WHRehnquist,1051,735,0.6993339676498572
FFrankfurter,FMVinson,762,531,0.6968503937007874
SFReed,WJBrennan,39,27,0.6923076923076923
JGRoberts,RBGinsburg,1139,788,0.6918349429323969
AScalia,DHSouter,1723,1192,0.6918165989553106
HABlackmun,SDOConnor,1859,1283,0.6901559978483055
JPStevens,LFPowell,1746,1204,0.6895761741122566
HLBlack,TCClark,2126,1465,0.6890874882408279
JHarlan2,TMarshall,491,338,0.6883910386965377
BRWhite,JPStevens,2639,1812,0.6866237211064797
FFrankfurter,SMinton,656,449,0.6844512195121951
FFrankfurter,SFReed,1090,738,0.6770642201834862
FFrankfurter,WJBrennan,712,482,0.6769662921348315
JHarlan2,SFReed,148,100,0.6756756756756757
HLBlack,PStewart,1835,1239,0.6752043596730245
HLBlack,TMarshall,492,332,0.6747967479674797
AMKennedy,HABlackmun,809,545,0.6736711990111248
EWarren,HHBurton,542,364,0.6715867158671587
BRWhite,TMarshall,3635,2441,0.6715268225584594
BMKavanaugh,SSotomayor,432,290,0.6712962962962963
DHSouter,JGRoberts,307,206,0.6710097719869706
JPStevens,WEBurger,1690,1133,0.670414201183432
BMKavanaugh,RBGinsburg,124,83,0.6693548387096774
HHBurton,WJBrennan,266,178,0.6691729323308271
SFReed,WBRutledge,370,246,0.6648648648648648
AScalia,SSotomayor,486,323,0.6646090534979424
FMVinson,FMurphy,362,240,0.6629834254143646
ACBarrett,SSotomayor,295,195,0.6610169491525424
AMKennedy,JPStevens,2179,1440,0.6608536025699863
CThomas,DHSouter,1590,1050,0.660377358490566
JPStevens,SDOConnor,2833,1870,0.6600776561948465
CEWhittaker,WJBrennan,641,423,0.6599063962558502
EKagan,NMGorsuch,525,345,0.6571428571428571
SAAlito,SGBreyer,1217,798,0.6557107641741988
JHarlan2,WJBrennan,2122,1384,0.6522148916116871
AScalia,RBGinsburg,1874,1219,0.6504802561366062
BRWhite,WODouglas,1983,1277,0.6439737771053958
AScalia,SGBreyer,1758,1131,0.643344709897611
FMVinson,HLBlack,762,488,0.6404199475065617
FMurphy,SFReed,361,231,0.6398891966759003
EKagan,SAAlito,1001,640,0.6393606393606394
PStewart,WODouglas,2469,1573,0.6371000405022276
FMVinson,WBRutledge,369,235,0.6368563685636857
KBJackson,NMGorsuch,176,112,0.6363636363636364
EWarren,FFrankfurter,984,626,0.6361788617886179
LFPowell,WJBrennan,2392,1508,0.6304347826086957
TCClark,WODouglas,2077,1309,0.6302359171882523
HHBurton,WBRutledge,375,236,0.6293333333333333
RBGinsburg,SAAlito,1100,691,0.6281818181818182
CThomas,EKagan,1007,632,0.6276067527308838
LFPowell,TMarshall,2374,1488,0.6267902274641954
FFrankfurter,FMurphy,369,231,0.6260162601626016
HLBlack,SMinton,655,410,0.6259541984732825
NMGorsuch,RBGinsburg,222,138,0.6216216216216216
CThomas,RBGinsburg,2209,1369,0.6197374377546401
CThomas,SGBreyer,2222,1377,0.6197119711971197
JGRoberts,JPStevens,399,247,0.6190476190476191
CEWhittaker,EWarren,627,387,0.6172248803827751
AScalia,HABlackmun,1043,641,0.6145733461169702
JPStevens,WHRehnquist,3669,2252,0.6137912237666939
NMGorsuch,SGBreyer,351,215,0.6125356125356125
HLBlack,SFReed,1083,662,0.6112650046168052
AFortas,JHarlan2,531,324,0.6101694915254238
DHSouter,SAAlito,271,165,0.6088560885608856
SFReed,WODouglas,1009,614,0.6085232903865213
HHBurton,HLBlack,1318,802,0.6084977238239757
FFrankfurter,HLBlack,1755,1065,0.6068376068376068
NMGorsuch,SSotomayor,528,320,0.6060606060606061
SAAlito,SSotomayor,1119,676,0.6041108132260947
FMurphy,HHBurton,368,222,0.6032608695652174
EWarren,JHarlan2,1933,1165,0.6026901189860321
KBJackson,SAAlito,176,106,0.6022727272727273
ACBarrett,SGBreyer,115,69,0.6
FMVinson,WODouglas,690,413,0.5985507246376811
DHSouter,TMarshall,112,67,0.5982142857142857
AJGoldberg,JHarlan2,444,265,0.5968468468468469
FFrankfurter,WBRutledge,376,222,0.5904255319148937
CThomas,SSotomayor,1127,664,0.5891748003549245
WEBurger,WJBrennan,2718,1599,0.5883002207505519
AMKennedy,WJBrennan,352,207,0.5880681818181818
FMurphy,RHJackson,356,209,0.5870786516853933
TMarshall,WEBurger,2680,1568,0.5850746268656717
HLBlack,JHarlan2,2218,1292,0.5825067628494139
SDOConnor,WJBrennan,1398,813,0.5815450643776824
AScalia,JPStevens,2411,1401,0.5810866860223973
SMinton,WODouglas,589,341,0.5789473684210527
CEWhittaker,HLBlack,631,364,0.5768621236133122
CThomas,HABlackmun,312,179,0.5737179487179487
HHBurton,WODouglas,1250,717,0.5736
CThomas,KBJackson,178,102,0.5730337078651685
HLBlack,RHJackson,809,462,0.5710754017305315
RHJackson,WBRutledge,359,205,0.5710306406685237
JPStevens,SAAlito,361,206,0.5706371191135734
AMKennedy,TMarshall,474,266,0.5611814345991561
AScalia,WJBrennan,585,328,0.5606837606837607
FFrankfurter,WODouglas,1692,941,0.556146572104019
CThomas,JPStevens,1682,928,0.5517241379310345
SDOConnor,TMarshall,1511,833,0.5512905360688286
RHJackson,WODouglas,735,397,0.5401360544217687
AScalia,TMarshall,710,383,0.5394366197183098
LFPowell,WODouglas,546,294,0.5384615384615384
HABlackmun,WODouglas,787,417,0.5298602287166455
CEWhittaker,WODouglas,640,334,0.521875
JHarlan2,WODouglas,2224,1158,0.52068345323741
WHRehnquist,WJBrennan,2933,1508,0.5141493351517218
TMarshall,WHRehnquist,3040,1525,0.5016447368421053
WEBurger,WODouglas,918,451,0.4912854030501089
WHRehnquist,WODouglas,570,246,0.43157894736842106
