justiceName,cases_voted,majority_votes,majority_rate
BMKavanaugh,433,406,0.9376443418013857
AMKennedy,2797,2564,0.9166964604933858
ACBarrett,295,269,0.911864406779661
JGRoberts,1448,1312,0.9060773480662984
AJGoldberg,449,406,0.9042316258351893
LFPowell,2429,2185,0.8995471387402223
EWarren,2124,1890,0.8898305084745762
FMVinson,775,688,0.8877419354838709
AFortas,533,472,0.8855534709193246
BRWhite,4793,4207,0.8777383684539954
SDOConnor,2852,2497,0.8755259467040674
TCClark,2160,1881,0.8708333333333333
SMinton,668,578,0.8652694610778443
WEBurger,2760,2383,0.8634057971014493
SFReed,1103,932,0.8449682683590208
PStewart,3483,2918,0.8377835199540626
DHSouter,1728,1439,0.8327546296296297
AScalia,2829,2353,0.8317426652527394
HHBurton,1345,1118,0.8312267657992565
HABlackmun,3653,3025,0.8280865042430878
WHRehnquist,4393,3628,0.8258593216480765
EKagan,1008,829,0.8224206349206349
SAAlito,1406,1156,0.8221906116642959
NMGorsuch,529,429,0.8109640831758034
SGBreyer,2227,1802,0.8091603053435115
CThomas,2738,2195,0.8016800584368152
RBGinsburg,2214,1771,0.7999096657633243
WJBrennan,5193,4094,0.788368958212979
CEWhittaker,643,504,0.7838258164852255
SSotomayor,1128,881,0.7810283687943262
RHJackson,823,638,0.7752126366950183
FMurphy,369,285,0.7723577235772358
KBJackson,178,137,0.7696629213483146
HLBlack,3196,2452,0.7672090112640801
FFrankfurter,1786,1365,0.7642777155655095
WBRutledge,376,285,0.7579787234042553
JPStevens,4121,3039,0.7374423683571949
JHarlan2,2248,1618,0.7197508896797153
TMarshall,3652,2628,0.71960569550931
WODouglas,3776,2693,0.7131885593220338
